Chromosome,Marker Start,Marker End,Indel Position,Marker Sequence,Indel Sequence
HG675342,164210,164510,164360,GCTCTTAAACGCTGTTTCGGGGTTTTTCTGCGGCAGACGCTCTTAAACGCTGTTTCGGGGTTTTTCTGCGGCAGACGCTCTTAAACGCTCTTAAGGGGTTTTTCTGCGGCAGACCCTCTTAAACGCTCTTAAGGGGTTTTTCTGCGGCAGACGCTCTTAAACGCTCTTAAGGGGTTTTTCTGCGGCAGATGCTCTTAAACGCTCTTAAACGCTCTTAAGGGGTTTTTCTGTGGCAAACGCTGTTTGGGAGTGTTTGTGTGGCAAACGCTGTATGGGAGTGTTTGTGTGGCAAACGCTGTT,GATGCTCTTAAA
HG673747,480011,480311,480161,CTTCTTGTTTTTTGTTTTCTGTCTTCGTCACTTTTTCCCAGTTCCAGCCCCCACAACTGCCACGCGGGTCGCGCAGCCACGCCCCAGCGCCTGCGCAGCCCCACTGCAAGCCCTTGGGCCGCAGCAGCTGCCGACACAGCAGCAGCAGCTGAGCCTCCAGGCACTCCCCGCTCCCCCACTTCGCCGCTCATGCAAAGACTCCCCGTCAGCAGGCGGGCAAGAACTTGCTGGTGAGCTTTACATTTTATTTTATTTTATTATATTATATTATTTTATTTTATTTTATTTTATTTGGTTTTT,TGCTGCTGCGTCACCCCAAG
HG675686,219535,219835,219685,GTGGCCTTTTCAAACTCCCCAGGGCTCTCTTTGCTTCACTTTTGCAATTTTCCTCTTTTGCAATTTTCCGTTTTTTCTTTTTCTTCGCTCGCCTCGAAATTTGCTGCTCTTGAGCGCCGCCATGAAGGGTGGGTGAAGATGGCCGCTTGCTCAACGTGCCGCGTTGTGCTGCTGCTGCTGCTGCTGCTGCTGCTGCTGCTGCTGCTGCTGCAGTTGCTGCTGCGGGCGCCTCGCGGCAGCAATGGATGCGCAGAAGTTAACTGAACTGTACATACAGCTGAAGGAATTTGCGCAGCACCG,CTCAACGTGCCGCGTTGT
HG678085,3709,4009,3859,AAGTGCTGCTTCTGTCCGCTGCTGCGTTCACTGGATGGCTTACATTTTGACTTTTTGTGAGAAGTTCAACTTCAGAACAATTTAAAACAATTTTAATCGATTTTAATCTAATTTGAACAATTTAAATCAGTTTAAATGACTTTAAATCAATTTACATCCATTTAAATCAATTTAAATCAGTTTAAATGACTTTAAATCAACTTAAATGACTTTGAATCAATTTAAATCAATTTAAATCAATTTAAATGACTTTAAATCAGTTTAAACCAATTCAGATGAATTCAAATCAATTTACATCCA,ACTTAAATGAT
HG673773,55309,55609,55459,CAGCGGACGGCTCCCAAGTACTGATAACGGGATAGCAGCAGCAGCTGCTGCTGCAGCTGCAGCAAAAGCTGCAGCAGCAGCTTAGGCGGCATAAGAAGCTGCAGCAGCAGCTTAGGCAACATAAGGAGCTGCAGCAGCAGCAAGACTGCAGCAGCAGGAGCTGGAGTGGCTGCTGCTGCTGCGGCAGAAGCTGCTGCAGCAGGAGCTGCTGCAGCAGCTTCTGTTTATTATTTATTTGTTATCAACAGGCCTTTAGTGGCTGATTGTAAGTGACTTTGCCTCTGCTGCTGCTGCTGCTGC,AGCAGCAGGAGCTGGAGTGGCTGCTGCTGCTGCGGCAGAAGCTGCTGCAGCAGGAGCTG
HG673773,72883,73183,73033,CCGCTTCCCCCACCCCAACATCAAGGTCCACGACACGATCCGCCTCAGCATTGCGGACTCCAAGGTCAGTTTTTGCTAATTTGAACAAACATTCCTTTTCGCTTTTCGTTTCGGTCCGCTTTCCGCGCTTTCCCGCAGCTTTCCGCGGAACGCGCGGCGGCGCGCTCGGGTGTACGGACACCCGCGCGCGCCGCCCCGCGCCGCGCGGAAACGGGAAAATAAATGTCGCCGGCCGCCGCTGAAAATTTGCAAATAAGAATTAAACGCTAAATTGCGCGGAAATCGCGGGCTGGAACTTGA,ACGCGCGGCGGCGCGCTCGGGTGTACGGACACCCGCGCGCGCCGCCCCGCGCCGCGCGG
HG673749,123464,123764,123614,GCAGCAGCGGCGGCAGCAGCGGCGGCTGCAGCAGCGGCTGCTGCTGTATCAGCAGCGGCAGCAACAGCGGCTGCAGCAGCGGTAGAGGATGCAGAAGCGGCTGCTGTGCCTTTGGCCGGTCCCGCCAGAGACACAGGAGCTGCAGCTGCGGCTGCGGCTGCTGCTGCAGCTGCTGCTGCAGCTGCTGCTGCAGCTGCTGCTGCAGCTGCTGCTGCTGTGTCACTGTGGGGCCACTGAGCGCTTTGAAAATAGAAAAAGGAAAATGCTGGGTTTGATTCTGTGGGGCCTGTGGCCTAGAGC,GGCAGCGGCTGCTGC
HG675660,264938,265238,265088,AGCAGGAGTAAGCGGGAGTGCTGCTGCTGCTGCGCCGCGGCAGCAGCAGGAAGAGCGGCTGCAGCCGCAGCAGCTGCATGCGCCGCCGCCGCCGCCGCCGCCGCCGCCGCCGCCGCCGCCACCGCAGCAGCAGCAGCAGCAGCAGCAGCAGCAGAGGCAGCGGGACAGAGAAAGAAGCAGAGAAGAGTACCGGCGGAGAGAAAAGTACAAAATGGAAGAAAAGATAAAAGGAAAAGAAAAATATAAATCTGGAAAGTTCAAAGAAGAGAAGTTTAAAGAAAGAGAGAACTTCCGAGAAAG,ACTGCAGCAGGGACTTG
HG675732,621376,621676,621526,TAGCACCAGCAGCAGCTGCTGCTGCCGCTGCTGCTGGAGCGGTGGCAGTAGCCGTAACAGCAGCAGCAGCAGAACAGCAGCAGCTGCAGCACTAACAGCAGCTGCACAAGCAGTAGCAGCAGCTGCAGGGGTAGTAGAAGCAGCAGCAGCAAAATAAATAGCAGCAGCAGCAAAAGCAGTGGCTGCAGCAAGAGCGGCAGCGCGAGCTGCGGCAGCAGCAGAACGAACTGCAGCAGCAGTTATAACTGCAGCACTAACTTAAGCGGCCGAAGCAGCAGCAGCAACGGAGCATCAGCAGAA,CAAAATAAATAGCAGCAGCAGCAAAA
HG673798,68192,68492,68342,GAGTGAATAAATAATAAATAATAAATAAAATGGTAAACAAACAAAACAAATAGACAAGATAAAGAAATAAATGAAAAATAAATAATGATTCGATAAATATTAGCCAATTTAAACTCTCCAGTCATTTAACACTATTTAATGAATTAATACTTAACTGTTATAAAATCATCTAATCTTTTAAGACTATTTAATTGGCTAATTCTGATCAAATTGTTTAATCTTTTAAAATTATTCGATAAACTAAAACTACTAAATCCGCTCAGTCCAGTAAAAGGATATATTATTTTAAAAGTAATAAAT,CTATAAAATCCAT
HG674935,513,813,663,CCGGTGCAGCAGCAGCAAAAGCATTTGCAGCTGATCTGCTGCGGCAGTAACCTGGTTCGCCTGCTGTAGCAGCTCTGTAGTGCAGCGGAAGCTGCTGCTGCTGCTGCTGCTGCTGTTGCTGTTGTGATTTTTCATTCAGCTGCTCCTCAAGGAGCCCCTCCTGCTGCAGCTCCTGTCGCACACCATGCTTTGCTTGAAGATGCTGCTGCTGCTGCTGCTGCAGCCACTGCTGCTGCTGCATGTTGCAGCGGCCTCGCCTGCGGCTTCGATGGGGCATCGGCAGCCCTGGGGTAGAAGCAG,AGCTGCTGCTTCTCCTCGCAGTG
HG673831,17356,17656,17506,TAGAAAGTAAATAATAACAACAAATAATAAAGTAAATAATAATAAATAATAAATAATAATAAAAGTAAATGATAACAGTAATAACAATAATAATAGTAATAATATTAATAATATTATTAATGCCATTCGCATGCAATGCTGCCACTTTACTAATAATAATAATAATAATAATATTATTATTATTATTATTATTTTTACTTTTTATTTATTATTATTACTATTGTTGCTATAAAAGCGGCAACGGATTAATCTAAATATAACTTCATTAATAAGAAAGCAGATGAACAAAAAAACATTAAA,CTATTATTGCACTTTATTACTTCTGCCATTAATTAATA
HG673812,439687,439987,439837,CATGCATTTAACGCATGCATGCATTTGATGCATGCATACACTCAATGCATGCATGCACTCAATGCATGCGTGCAGTTGCATGCTAGGGTGCTGATAGGGTCTTGGCCTTCTGCAAATGCGCTGTGTGGCTCTTTAACATCTACTTATGTATATATATATAAATATGTTTGTGTATAAATTATATAATAGTAATATATATGTATATATAAATATATTATTTATATGTGGACCTAAATATATATATGTGTAAATCTATTTATCTGTATTTATATATTTATCGAGATGCATGCATTTATCTGC,ATATATATATAAATATGTTTGTGTATAAATTATATA
HG673773,104479,104779,104629,CACTGCAGCAGGAGCAGCAGCAGGTCCGCCTGATCGCTGCTGCTGCCCATCGGAGCATTGCAGCAGCAGCCGCAGAAGATCCGCCTGATTGCTGCTGCTGCCTATTGCAGCACTGCAGCAGCAGCAGCAGCAGCGAAACTCCGAGCGCAGTGCTGCAGCAGGCATGGAAGTGGACGGCGAGGCTGCTGCAGCAGCAGCAGTTGCAGCAGATGCTGCACCAGCCCCAGCGCATACCGCCCGCAGCAGCAGCAGCAGCAGCAGCAGCGAACATCTGCAGCTGCCTGCTTCGCATGTGCAGCG,GCAGCAGGTGTACT
HG676453,1152,1452,1302,TTAGCTGGCTAGCCTCCCATGCTAGCTGGCTAGCTAGCTGGCTTCATGGCTAGCTAGCCAGCTAGCTAGCCAGCTAGCTAGCCAGCTAGCTAGCTCAGTGTGGCTTCATTCGTCGGCGTCGATATCCTCCCCCGCTGCCTCCCCCTCCCCCTCCTGCTGCTGCTGCTGCTGCTGCTGCTGCTTGAAGTGCTGCATGGCTAGCTGGTACTTGCTGCTGAGGACTTGGCAAATTCCGCGGAGCTGCTCGAAGGCCTTCTGCAGAGCCTCCAGCGCTGGGGTGTCTGTACACCGCAGCGGCCA,CCACCAGCTGCTGC
HG674083,3546,3846,3696,ATACGCACCTGTGGGGCCACTTAAATATAAAAGTGGGCAAAGGGAAATATATTTATATTCAATTTATGCCCACAGGCGCACAAATATGCAGATATAAGATTATATATATACATATCTATGTATATATTTATATATATATATACATATATAAATATATATATAGCGTATACAAATACACATATAAATATGTAAGTATATAAATATATATATGTATAGCATAAACAAATACAAATATAAATGTATGTGTAAATATATATAAATATATATACAACTATACATCGAATGTGCACACATATGTCA,ACATAGATATGTAT
HG673782,3669,3969,3819,GCACGCTGTGGCTCACGCTAATGCCTCCTGCAGCAGCAGCAGCAGCAGCAGCAGCGGCAGCGGCGGAGGCGCGGGGGTGGCGGAGGGAGCCGCGGATTGGGAGGGTGCAGCAGCGGCGCGCGCAGCCGCAGCAGCAGCAGCCGGCTGCTGCCAGCTGCGGCTGCAGCGCCAGCAGCACCAGCAGCAGCCGGCTGCTGCCAGCTGCGGCTGCAGCGCCAGCAGCACCAGCAGCTGGGTGCTGCCAGCTGCGGCTGCAGCAGCAGCGGCAGCGGCAGCAGCAGCGGGGGTACCTTTGTCCTT,GCCAGCTGCGGCTGCAGCGCCAGCAGCACCAGCAGCAGCCGGCTGCTGCC
HG675525,259529,259829,259679,AGCAAAAATCAACAGGGAGCTAAACCAACATCAGAGGGTCAGCAGCAGCAGCAGCAGCAGCAGCAGCATGCCCTCCCTCCTTTGCTTTTTAATATTTATTTGTCTCATATTTTGTCTCCTGTGCTTCCATTTGTCTCCGTTGGCTTTCCTCTGCTGCAAGCAGCAGCAGCAGCAGCATCAGCTGCTGCTGCTGCTGCTGTTGTCCTAGCAGTTGCTGCACCGTCGTCTGCCGTTGCTACTGCTACGAGTACTGCTACGAGTACCGCACTGCCGCTGCTGCTGCTGCTACTGCTGCTGCTT,TCTGCTGCAAGCAGCAGCAGCAGCAGCATCAGCTGCTGCTGCTGCTGC
HG675470,0,187,93,GGCCCCCCAGGGGCCCTCCAGGGGCCCCCCAGGGGCCCCTGGAGGGGGTCCCCAGGGGGCCCCCGGGGGACCCCCTGGGGACCCCCCAAGGGCCCGGAGCATTTCCTATATTTGGCTTTGGGGGCCCCTGCGAAGTTAAGCAGCTTCGGTTTGCTGCTTTTGCTGCTGCTGCAGGTGGCTGCTGCTG,CCCTGGAGGGGGTCC
HG675725,73504,73804,73654,TTTGTTGACAAAATAGGCGGCTTTTTATATCGGCCACAGCTTAATGCACTCCATGGGCACTCCTTGACATTGTTCTAAAAATTATACTTTGTAGAAGAATAGCTTCGACACATTTCCAAGAATATCGTGTCCTGATTCAAGATGCCTCTACACACTGCATGCGCATCAGGTTGTGAGTCCAGTTGATTAATGCAAGATATGTAGTTATTTCCAAGTGTACTTCAGATGGCCTACGGAGCACCAGCAAAGCGGAATTTGCTGTTGAGCATAACTCTTACTGTTCGATGCCATAAAAATTCC,ATATTCTGCAAGAACGATGAACAGTACTCATTTGTTTGC
HG673761,53692,53992,53842,GTAGCTAGCTGGCTAGCTGGCTAGCTGAGGAGCTAGATTGCCAGCTAGCTAGCTAGCTAGCTAGCTAGCTAGCTAGCTGACGAGCTAGGCTGCTAGCTGGCTAGCTAGCTGGACAGCTATCTGGCTAGCTAGCTGGCTAGCTGTTCTTTTGGCAAGCAAGGGAGTATGCTAGCTAGCTATCTTGCTGGCTAGCTGGCTAGCTAGCCAGCTAGCTGGCCAGCTAGCACACTCGCTGTACTCCCTGGCTAGCTAGCTAGCTAGCTAGCTAGCTAGCTGTTTATTTTTTTCTGAGGGATCTCT,TGGAACCAAAAAGGG
HG676638,831,1131,981,CTCGCGAACTGCTGCAGCGCTCGTTTGCCCAAACCCCAAACCCTAAACCCTAAACCCTAAACCCTAAACGCTGAACTAGACGAATTTCAGCACAAATAGTATACACAAATAACACGCATCTATTTATGCATGCATCTAACTAACCAGCCATAGCTAGCTGTCTAGCTTGCTAGCCAGTTAACTGCCTGGCTAGCTAGCTAGCTGGCTGGCTAGCCAGCTAGCTAGCTAGCTGGCTAGCCAGCTAGCTAGCTAGCTGTTCGTCCCCGTATCTAGCTTGCAAGACAGCTAGCTACCTAGATA,ATAGAAATGGCTAGCCAGCCAGCTAG
HG675689,216679,216979,216829,ACTTGGGGCCCTACTCTGGGCCTCTTCTTTCATTTTTAAAATTAAAAATATCAAAAAAGTGTAAATGTCAACGAGGCGCCTCAGCTGGGGAAAAAGAAAGCCAGCAAAGGGCCCAAGGGCCATCCTGGGGGCCCCCAGCAACTCAAGGGGCCCCCAGGGCTCCACGGCAAACAAGGAATCCCCAGGGACCTTTCTCAGGGTACTGGGGCCCCCCAGGGCCGCTAAAGGGCCCAGAGGCATGGCAGCAGCAGCTCAAAAGAAGGAGATGGAGGCTTTAGGAGCCTCAGGGGGCCCCTTTTA,GCCCCCAGCTGCTAGGGGCCCCCAGCAACTCAAGGGACCCCCAG
HG673782,20872,21172,21022,GCCCCCTGCATCCCCGCAGTCAACAAATGCAAAATGCTCAAGTACCGAATCTTCCCCCCGCAGTCTCCCAATTTTATTTTTCCACTTTCACTCAACATCACATTCCCCGGATGAATCCTCATGTGGCACCTCTCCGCGCCAGGAGGCCCCCCCGCGGGGGCCCCCGGGGGCCCCTGGTGAAGCACATGGACTGCCCGCAAGAGGCAGTGGAGAAGACCATTGAGGCCCGTTGAAGGGAAAAGGGAATGGAGGAAAGAGGGGGGGAGGGGCCCCCTTGGGAAGTGGGTCAAGAGGGGCCCC,CCCCGCGGGGGCCC
HG675516,2065,2365,2215,AGCAGCAAGCAGGACTACGGCGTACGCGCTGGCGTCCTGCCGCCGCAGAGACAACTGCATGCTACTGCTGCTGCAGCAGCAGCAGCAGCAGCAGTCGCTGACCATTTGGAGAGGTAGGGAGCCCTACGGCTTCGAAACCCCGGGCGTGGCGCAGCAGCAGCAGCAGCAAGAGCAGCTGCGAAGGCGGCGCGTGGGCACGCAGCCAGCCCTGCCCGCATCAGCAGCAGCAGCAGCAGCAGCGAAGGCCGCAGCAGCAGGCACTGGAGCAGCAGAAGAGGCGCCTGGAGCCTGCCTTGTCGT,CGCTGCACTCTGGCAGCCGCTACCAGCAGCAGC
HG673767,41033,41333,41183,GAACTAGCTAGCCAGCCGCGCCATCTAGATCTAACTAACTCCTGAGACAGACACCCTAAATAGCTGGCTCGCTGGCAGGCGGTGCAGATAACCAGACTGCCGCACAGCCAGCTAGCTAGCTAGCCAGCTAGCCGGCTAGCTAGCTAGCCAGCTAGCTCGCTAGGTAGATAGCCACATACACACACAGACAGATAGAGAGCCAGAGTCCAAGCTACCTGCGTATTTAGCTAGCTAGCCAGCTAGCTAGGTATTCAGCTAGCTAGCTAGCTAGCTAGCTAGCTAGCTAGCTAGCCATTGCTT,AGCTAACCACCCAGCCAGCCAGCTAGCAAACTAGCTGGCTA
HG675662,5638,5938,5788,ACACCTGAGCCTGCAGGCCGCTGTTGCATGCGCTCAGTGGGGTGCACGTACACCCCAGCGTCCACTTGCAGTCTAGACGAAAGGCGGAGTTTGGAGAATGAAGACACAACTTCTTTTTTGGATTATATTTATTTAAATGTAACATTTATAATCATTCATTAATTAGTCGCGCATGCATTTATTTCCTAATTGCTAGCTCTTTGGGCACAAACTCCCCCATCTAAAAAGGCCCTCTCAGCAGCAGCTGCGCCAGCGCCCACATACGTGCAGCAAACTCCGCTGCTGCTGCTGCTGCTGCTG,AATCATTCATTAATTAGTCGCGCATGCATTTATTTCCTAAT
HG674344,142820,143120,142970,CAGGCTTTTTGTTTCTGGTTTTGATAATTTTGTGTGTCACTTGTGCTGAGATCTCCATCACTTTTGTTTACTTCCAGCTGGTGTGGTGAGTTATTAAGAGTCCGAACTTGCAGTTCCGTGGCAGCAGCAGACGAGTCCTTGGCGAGGACCACGCCGCCGCAGCAGCAGCACGCGTGCTGCTGCTGCGGCTTCGTCTGACGCCGCCGCTGCTGCTGCTGCTGCTGCTGCTGCTGCTGCTGCGTGCAGCGAAAACTACAACTGGTGGTGGCGCTCGTTCCTGTGCAGCGCCACCAGCGGGGT,CACGCCGCCGCAGCAGCAGCACGCGTGCTGCTGCTGCGGCTTCGTCTGACGCCGCCGC
HG676409,0,278,139,ACCTCTTGGAATTAAAATCACGGGGCCCCTCATTCGCTGCGCCTCCGAGCAGCTGCCAGCAAGAGTGAAGGCTGCGCTGCTGCGCGCGCTGCGGTCCGCTGTTGCTCCCAAACCCTAAACCCTAAACCCTAGAGGCTGCGAGGGCTAAACCCTAAACCCTAAACCCTAGAGGCTGCGGGGCTTTTGGCTTGTCGCCTTTCCTGTGTCTGCTCCTGCGTCGGTCTTGGCCTGCTGAGGCGCAGGAGGGAGCCTCTTGCTGCAGCTGCTGCAGTTCCTGC,CCTAGAGGCTGCGAGGGCTA
HG676057,142,442,292,ACCTCGGGTGTCTGCACTGGGGTGTCTGTACACCCCTTTCTCCGTCCCGTTGAGGTGTCTGAGCAGCCTGAAGTGTACGTACACCCCAGCAGCTAGCTGTGGGGTGTACGTACACCTCGAGGTGTCTGTACACCGCGTCGACCGCCCGAGTTGAGGTGTGTGTACGTGCACCTCCTGCTGCGGGGCCCCGGCCGCAGCCCCGGGCAGCCCGCAGCCCCCAGAACTGTTTCTATACAGTGAACTGTGCAAGGGTTCCCAACAGTCTAGGAGGGTTTAGGGTTTAGGGTTTAGGGTCTAGGG,GTGTATGTGCACCT
HG676795,318,618,468,TCCATAAACCCTAGCAGCACCTCCTCCGCGTCCATCGTCGAGGGTTTAGGGTTTAGGGTTTAGGGTTTAGGGTTTAGGGTTTGGAGTTCGGGGGGGTGGGGTTCGGTTTAGGGGGGCGGCGCGCGCGCCACGCGCGCAGTCCGGGATGGCAGGGATCGGAGATGTATTAGGGTTTAGGGTTTAGGGTTTAGGGTTTAGGGCTTAGGGTTTAGGGTTTGGGGTTTGGGGTTTAGGGTGTAGGGCTGGGGAACTCCGAGACTTCCGGCACGACTTCATTAAAATAACCGAAATGTAACGCGA,CCGGGGTTTGCT
HG676695,0,181,90,GCTAGCTAGCTAGCTAGCTAGCTAGCTAGCTAGCTAGCTAGCTAGCTAGCTAGCTAGCTCAGAATGTGTCGGGTTAAAGAAGCAGCAGTTTGAAGCTTGCAGAATGAGGTGTACATACACTCCAGGAAAAGAAGGATCCTCAGAAATCTTTGAGGGCCGGCCGTCAAGGGTTTAGGGTTTA,TATTGGCAGCGAGCTCAAGA
HG675716,62972,63272,63122,ATGTCACAGCCGGCCATCGCGGCCAGAAAAAGACCTCCGCGGCTCTCAGCAAGCACTACTACTGGCCAGGAATGCGCGCCTACACTACTGCTTATGTTGAGTCATGCACTCACTGTCGAGCGTCAAAGTCCCTTAGCCAGAAACCTGCAGGGGCTTCTTCAACAGTTGCTCATCCCTTCTCGTCGGTGGGCGCAAGTGACTCTTGACTTTATCACAGATCTCCGCCTTACATCGACAGGGCACGACTCGATTCTTGTCAAGGTCGACTCCCTCAGCAAGATGGTTCATTTCGTTCCTGCA,GGCCTTCTGTTGAAGAAGGCCTGCAG
HG676775,6455,6755,6605,AGGAGGCCAGACCCGCTATGAGGGTGGGTCCAAAATGTCGATAGGGCACGCGCAGAGGTAGCGAAATATATTCAAACAGCAGCAGCAGCAGCAGCAGCACAGCAATAGCAGCACTGTAACTGCAGCACAGCAGCAGCAGCAGCAGCAGCAATATTGGTGGTGCTGGTGCTTTTGTTGCTGCTGCCGAGCAGGTCCCGTGCTGCTGTCGAGCTGCTGCTGCTGCTACAGCTTCTGCTGCACCTGCAGTTGCTGCAGCAGCTGCTCTGCGTCTCGTAGAGTGTGCTGCTGCTGCTGCTGCTG,AGCAGCACAGCAGCAGTTGCGGCGAAGGTTATTTAT
HG674657,52551,52851,52701,TTTCGTTTTTATTCTTTACTCTTTTGTGTTGTCGTTTGTTTTCCTTTGTTGCCGTTTGTTCTCGTTTTTCCCCTTTTTCCCGATTCATTTTATTATTATTCCTCCATTTTCATTATTCTTTTTAATCTCAACTAATTGTAATTACTTTTGATTACTTGTACTTACTTGTAATTACATGCAGTTACTTGTAATTACATGTAGTTACTTGTAATTACATGTAGTTACTTGTAATTACTTGTAATTACTTGTAATTACTTGTAATTACATGTAGTTACTTGTAATTACTTGTAATTACTTGTA,GATTGCTTGTAATT
HG675702,2879,3179,3029,CCCCCTCCAGGGGGCCCCCCTGGGGCCGCTGCAGGCGCTGCTGCAGCAGCAGCAACCTCCAGAGGAGGGGCCCCCCGAGGGGGGCCCCCCCGGGGAAGGTTCTGAGGAGGCCCTGGACGACAGCACCTACGGGGAAGACCTTTTCTGGGGCCCGGGGGGGGCCCCCTTGGGGTCCCCCGGGGGGCCCCCCGAGGGGCCCCCCGGGGGGGCCCCCGAGGAGGGGGGGGCCCCCCTGCTGGCAGCTGGGGCTGAAGAAAGACGCCTAGCTGATGAGAAGTACCCTCGGCTTGGGTCTCCCCC,GCCCGGGGGGGGCCCCCTTGGGGTCCCCCGGGGGGCCCCCCGAGGGGCCCCCCGGGGGGG
HG675764,2312,2612,2462,CTGCTGCTGCTGCTTCTGCTGCAGCCCGCGCTGTACGAGGAAATGGTTGGCCGCTTTGAATGCAGCTTCTCTCTTGCTGCTAGGCCGCCGACTGCAGCAGAAGCTGCAGCTGCAGCAGCAGATGCAGAGGCATCTGCTGCTGCTGCTGCTGCTGCTGCAGCCGCTGCAGCTGCCGCAGCAGCTGCGGCAGAAGCAGCAGCAACTGCAAAAGCAGCTGCCGCAGCCGCCGCTTCGCCGCCAGCTGCCCGCGTTCCCGACACCTCGGCTAGCTGCACCACTCTGGCAACGAGGAGCAGCAGC,TGCTGCGGCAGCTGACGACGAAGATGACGAGCTAGCTGC
HG677084,1098,1398,1248,TAAATTAATTAAATTAATTAAATTAATTAAATTAAATTAATTAAATTAAATTAAAAATAAATAAAATTAGGGATAATAAATAGAAATTAATTCACGAAAAGAATTAACAATCAGCAGTTCCAAGTTGAGGGTAAAAACGAACAATTAGAAATGAATAAATAATAATAATTGAATAATAATCAAATAATAATTAAATAACAATTAATTAATAGTATTTGAATAATAATAACAGCAGCAGCAGCAACAGCAGCAGCAGCAGCAGCAGCACAGCAGCAGCAGCAGCAGCAACAGTGGGCCTTT,AAATAAACAAATAATTAAAAAACCATAACATGA
HG675727,9871,10171,10021,ATTCCTCCCGAGAAGCAGAAGATCACTGCCTTCCCCGACGTCAGGTCCGCCGTCTCCTCCCGCCCAGAAAAGTCCCGGTCCCAGCGCCCCACGAGCCGGATTCGTCCTGCTGCTGCTGCTGCTGCTGCTGCTGCTGCTGCTGCTGCTGCTGAGGGGGGGTGCGGGGGAGTTTGCTGCTGCTGCTGCTGATGGTGGTGGTGAGTGGGGTGGTGCTGCTGCGGATGGCGCGGGGAGGGGTGGGGGTGCTGCTGCTGCTGCTGCTGGGGATGCTGCTGCTGCTGCTGGGTTGCGGCTGCTGCT,TGAGGGGGGGTGCGGGGGAG
HG673920,272856,273156,273006,AATTGCTGGCTGGACCACTTAAAAAAAGTTAGCAGGGCAAAACCCACCATATCACATCAGTAGCAAAGCAAAACAAATGAACAGCATTGTTGCCAAGCAGAAAACGAATGCACTGACCAAGATCCATTGGAAAAAGACATCGTCAATACATGCAATCTGCAGGCGGTTTGCCAGTGCAGATTAGCAAAGAATGATGCAAGGAGGCAGGCTTACGCACCAGGAGCGCTCCCGCTGCATGCACTTGTTGCAAGCCGTGGTTGTCACTTTGTTGACATAGTTGCTTGGGCTGCAGGCATCGGC,ATTAAGTAGATGTTTACCGAACATATGGAGATACACATCTT
HG673825,16729,17029,16879,CGCAGCAGGAGCAGGGATAAGAGGAGGTCCGCCCCGCGGGTTTACTCCGGCTCTTGCCCTTACTTGGGCTTCTTGCCCTTTATTTGGGGGGTTCCGCTTTATTTGGGGGGGTTCCGCTTTATTTGGGGCGGTTCCGCTTTATTTGGGGGGGTTCCGCTTTATTTGCGGTTTATTTGGGGGTTTTGGGGTTTATAACGCTCTATTAGGGTTTATTCGGGTTTATAACGGTTTGTTAGGGTTTAGGGTTTGCGGGGTGGTGTTTTGTGTAGGGACGACCGGGACAGAGATCGTCGGAGATGA,GGTTCCGCGTTATTTGGGGGCGTTCCGC
HG674763,211911,212211,212061,TGCGCCTGCTGCTGCACCTGCTCCATCTGCTGCTGCACCTCCTGCCGCACCTGCTGCTGCACCTGCTGCTGCACCTGCTGCTTCACCTGCTGCATCTGCTGCTGCACCTGCTGCACCTGCTGCATCTGCTGCTGCTGCTGCTGCTGCTGCGACAGCAGCGCGAAGAGCTGCTCTGCTGACTGATGACCCAAAAGAATTCCTTCTGCTGCAGTTAAGCAGCCGCTGCAGCTAAGGCAGTCGGAGAGAGATATTTTGCCCACGCGGGTGAGGCCCTCAGCAGCTTGCGGCGCCGCTGCTGCT,CTGCGTCGGGCTGGGGTGTACGTACACCCCAGGGGGTCCTGCGAG
HG675679,7876,8176,8026,GGTTTGGCGCTGAAGCAGCGAGCAGTGGTGGGGACGGCACTGTTTAGGGTTTAGGGTTTAGGGTTTAGGGTTTAGGATTTGGGGTCTTCTGTTGTCGCATTCAGCGTCTGAAGTCTTGCGTCGAGCGATTGACAGATTCCTTCCTGGAGACCCTAAACCCTAAACCCTAAACCCTAAACCCTAAACCCTAAGGGTTTAGGGTTTAGGGTTTAGGGTTTAGGGTTTAGGGTTTAGGGTTTAGTTGGTCAGTATCCTAGCCCGACTCCTCCTCAACGACTTACAGCTCGGCATTTTTGCCAC,ATGGTGAGGGGCACCCCTAAACCC
HG675800,1866,2202,2034,AGCCCGGCCGGCAGCTGCGCGCAAAGGAGACACTTGGCCCTCGGAGGCCATGGGGACAACCGGAGACAAACGGAGACATCGGAGACAAACGGAGACAACAGGAGAGAAATGGAGAGAAACGGAGACAATAGGAGACAATAGGAGACAATAGGAGACAATAGGAGACAATAGGAGACATACGGAGACAATAGGAGACAATAGGAGACAAACGGAGACAATAGGAGACAATAGGAGACAATAGGAGAGAAACGGAGACAATAGGAGACAATAGGAGACAATAGGAGAGAAACGGAGACAATAGGAGACAATAGGAGACAATAGGAGACATTTGGGCCC,ATAGGAGACAT
HG675733,21187,21487,21337,AGACACGCAGCTGCTGCGCTGCGGCGCCACTTGGCAGCAGCTCTTGCTGCAGTGGCTGGGGGCCCCACGACCTTTTGGTGTTTCAAGCAGCAGCAGCAGCAGCAGCTGCTGCTGCTGCAGCAGCAGCTGCCGGCGGCTTCCCCGCAGGCCGCCGCAGCGGCTGCTGCCGCCGCTGCGGCTGCTGCGCAGCCGCAGCGGCTGTGGAAGCTGCTGCAGCAGGAGCTGCAGCAGCGCACGGGGGTCTTCGTGCCGCTGGCTCTTTTCGAAGCAAATTGCTGCGAAGAAACTCTTGTGGAAAAC,CGCCGCAGCGGCTGCTGCCGCCGCTGCGGCTGCTGCGCAGCCGCAGCGGCTG
HG674448,348876,349176,349026,CCCCTGGGGAAGCCCTGGTGGGGGCCCTAAGGGGGCCTCTGAGGAGCACCGGGGGGCCCCTCGGGAGGACCCATTGGAGGCCCCCAAAGGCGCCCTCGAGGACCTTGGTGGGCCCCTGGGGATGTACCAGTGGGGGCCCCATGACCCATTATGGGGCCCCTTGGGGGGGCCCCTTGGGGCCCCCGGGGGGCCCCCGGGGATACCCCGTGGGTCCACCGGGGGGCCCCCAGGGGCTCCCCGGAGGACCCCCGGGGGGCCCCTTTGGGTAATTCCGTAGAAGCTGCTGCCAGGAAGTAGCAC,TATGGGGCCCC
HG674134,652755,653055,652905,GGTTAGGATACTCGGCTTTCACCCGAGCGACCCGGGTTCGAGTCCCGGTGTGGGAAGTTTGAGGATGGGCTCACTTGCCTTTTGCAACGTGAAGCCGTCATATTTGGGGGGTCTTGAGCTCAGTTGACTTTGTAAGTTGGAGCCTTGCTCGTTTCAGGCAAGCGTTTTCTTGTCCCATTTGGGTACGAAGAAGTCTAGTATCTATTTTACGGAAGCTTCGCGGCATTATATCGACTCCAAGAATCCAACCGCCGCAGAAAATACACACAACAGAGCCTTCGAATGTTCAGAGGTAAATAA,CGTTGGCAACAGGTACAGACACACATACGCTGTT
HG677330,2173,2473,2323,GCGCCCCTCAGGGGCCCCCTGCTGCAGAATCTCCCCTGGGGGGCCCCCATGGACCCTCCTCACCAGACTCAACAGAAGGGGCCCCAGAGGAGAGGGGCCCCCTGGAGGGCCCCCAGCCAGAAGCTGCGAGCCAGTGAGGGCCGGGGGGCGCTCCAGGGGCCTCCAGGGGCCCCCAGGGGCCCCCGGGAGCCCCCGGGGGCCCCTAAGGGCCCCCAGGGGCCCCTCTGATTTTGGGGGCCCCCGGAAGTCCCCGGGTTGGCTTTACTGGTCTTCCTGGGATTTTCAAGGAGTCCCTTTCGA,GCGCCAGGGGCC
HG677871,1038,1338,1188,ACCCTTTTAGTGCCTATAAAAGCCCCCCCGTGTCCTTAGGGCCCTTTAGGGCCTCCCAGTAATATTTATAGTTTTTAGAGGGCCCCTCAGTACCTTTTGGAGCCCCAAGGGGGCCCCCCAGGGCCCCTCAGTACCCCATGACCCCATGGCGGGGCCCCTAAGTACCTCTAGGGCCCTCTGGAGGCCCCCCAGTACCCTCTAGGGCCCTTTGGGGGCCCCCAAATACCTCTACGGCCCTCTGGGGGCCCCCCAGTACCCTCTAGGGCCCCTGGGGGGCCCCCAGCACCCTCTAACCCTCTG,CGGGGCCCCTAAGTACCTCTAGGGCCCTCTGGAGGCCCCCCAGTACCCTCTAGGGCCCTTTGGGGGCCCCCAAATACCTCTACGGCCCTCTGGGGGCCCCCCAGTACCCTCTAGGGCCC
HG673747,585799,586099,585949,AAACGCATGCATTCAAAAACTTTCCTTTTGCTGCTTTTATAACTCCAAGGGTACAGGGGCCCCCCCAGGGTCCCCCAAGGGGGCCCCCGAGGGCCCCTACGGGGCCCCCTTGGGGTCCCTCCTGGGGGCCCCCGGGGGGTCCCCTGGGGGCCCCCTGGGGCCCCCTGGGGGCCCCAGGGGCCCCCTTCTGTCGGCGCAGGTCTGGGGGCCCCCCTGTCCCCCTTGGTGGTATTTTTGGGTTTTTTTTTGTTTAAAAAGACGAAATTAAATAAAATTTTTGCTAAATTAAACTAATTTTGC,GCCCCCTGGGGCCCCCTGGGGGCCCCAGGGGCCCCCTTCTGTCGGCGCAGGTCTGGGGGCCCCCCTG
HG673772,68989,69289,69139,AAGGCATTATTTGCTTCTTGAAAGAAAATGAAGAAAAAGACGAAGTGCCCTGAATGGCATGCAGTGGGCGCAGGGTGTACGTACACCAGAAATTCGCACTTTTTGCAAACGAAAAAGATATTTTTTTGGCATTTATTTTTATTTAATAAGATATGTTTTGCAACAAAAAGCTGAGTTATAAGAGCTAGTGCACGCAAGCTCATCGAGTGGCAAACCCTAAACCCTAAACCCTAAACCCTAAATCGTAAACCCTAAACCCTAAATTCTAAACCCTAAACCCTAAACCCTAAACCCTAGAGG,GTGCCAAGAAATGCATTAAATGCTAGTTCATTATTAT
HG674189,491,791,641,CGCGGCAGGGGGCCCGCAGCTGCTGCAGCACTTGCGTCAGCGTGCGGCCTTCTATGCGTTCCATGGCCACGCCCAGGACTCTGCTGCCGTTTGCTGCTAGGCCGCGCGCCGTCCAGAAGTAGCGCGGCACGGGGAGCTGCTTGGCGGGCTGCAGCAGCTCGGGCGCGCGCTGCTGCTGCTGCAGCTGCTGCAGCTGCAGCAGCAGCAGCTCGGGGTGCGCCGCGGGCGCGCCGCGCCGCAGCGCCGCCAGCTGCTGCAGCAGCAGCGCCTCCCCCGCGCTCAGCCCCCGCCCGCTCCGCC,TGCAGCAGCTCGGGCGCGCGCTGCTGCTGCTGCAGCTGCTGCAGCTGCAGCAGCAGCAGCTCGGG
HG678209,140,440,290,AGCAGCAGCAGCAGTATCTGCTGCAGCAGCAGCTGCTGCAGCTCCACCTGCAGCAGCAGGCGCAGCAGCAAAGGCTGCTGCAGCAGGAGCAGCAGCAGCACAAGAAACCTAAACTAGATACAGCAGCAACAGCAGCAGCGGCAACAGCAGCAGCAGCAGGAAGCTTTGGGAAGTCTCCCGATGTGGCAGTCAATGTACTGCGCCCTGTTCAGCAGCAGCAGCAGCAGCAGCAGCAGCAAGTCGACCTCTCCATCCCTCTGGCCCACGCAGAGAGCAGCAGCAGCAACAGCAGCAGCCAAA,GCGGCAACAGCATC
HG675716,362432,362732,362582,CAGCAACAGCAGTAGCAGCAGCAGCAAGAGGGGGCTGCCCGCGCTGCAATCCGCATGCAGCAGCAAGCAAAAGCCGTTTGCATTTGGCCAGAGTTGGCCAGCAGCTTTTCACAGAGCTCTCGCTGCTGCTGCTGCTGCCCTTGGGGGGCCCCCCGGGGGGCCCCCCGTGGGGCCCCCAGGGGAGCCCCTGGGGGGGCTCCCCGGGGGGCCCCCCAGGGGGCCCCCGATATGCAAGAGAGGGGGGCCCCCAGCTTGGGGCTGCATGCGCTCCTGCATGCATTCCCCCTTTACTTGTTAATA,CCCCCGGGGGGCCCCCCGTGGGGCCCCCAGGGGAGCCCCTGGGGGGGCTCCCCGGGGGGCCCCCC
HG674378,0,271,135,CGCAGCGGCGGCAGCAAGAGGCTCCCTCCTGCGCCTCAGCAGGCCAAGACCGACGCAGGAGCAGACACAGGAAAGGCGACAAGCCAAAAGCCCCGCAGCCTCTAGGGTTTAGGGTTTAGGGTTTAGCCCTCGCAGCCTCTAGGGTTTAGGGTTTAGGGTTTGGGAGCAACAGCGGACCGCAGCGCGCGCAGCAGCGCAGCCTTCACTCTTGCTGGCAGCTGCTCGGAGGCGCAGCGAATGAGGGGCCCCGTGATTTTAATTCCAAGAGGTT,GTTTAGCCCTCGCAGCCT
HG673747,400941,401241,401091,CAGCAACAGCAGCAGCAACAGCAGCAGCAAACGGTTGAAGGCAGCAGGAGCCACACGCAGAAGCCCCAGAAGCAGCCAGATGAGTGAGAACAGGCGCAGCAGCAGCCAGACAGAAACGGCTACAGCACACTTTCAGGGGCCCAGCTTCAGCAGCAGAAGCAGCAGCAGCAGCATCTGCTGCTGCTGCTGCTGCTGCTTCAGCAGAAGCAAGCAAAACAGCAGCAACACCAACTCAGCCAGGACACCATCCGAAGTGCGGCAGCAGCAACAGCCACAGCAGCAGCACTGGCAGCAGCAACA,GCAGCAGAAGCAGCAGCAGCAGCATCTGCTGCTGCTGCTGCTGCTGCTTCAGCAGAAGCA
HG675716,116921,117221,117071,TTAATTTAATTAATTTAATTAATTTATTTATTTCAGTTACAAGTGACCTCTTGGCCTGCGGCGACGACAACGGCTGCCTCCACTTCTTCGACCCTTTCACGCTGCAGCGCAGAAGCAAACTGGCCACGTAAGCAGCAGCAGCAGCAGCTGCAGCAGCAGCAGCTGTTGCTGCTGCTGCTGCCGCTGCTGCAGCTCCAGCAGGAGTATATAATTGTTTAGTTTATTATATATTCATCCATTTATTTATTCATTTATTTGCTTTTTGTGCTCGTTCTTTTCATTAAGCAGCTTTTTGTGTCT,GCAGCAGCAGCAGCTGTTGCTGCTGCTGCTGCCGCTGCTGCAGCTCCAGCAG
HG677845,1012,1312,1162,CTAGCGTGCATTTCGCTAAAGAGTTTGAGTTTATGAACGCCGAGAGAGGGGCTTTTCGGGGCCTGAAGGGCTCTCCAAGGGCCCCTACGGGGGCCCTACGGGGGCCCCTACGGGAGCCCCTACGTTCCTACGGGGGCCCCTACGGGAGCGCCTACGGGAGCCCCTACGGGAGCCCCTACGGGGGCCCCTACGGGGGCCCCTAGGAGTCTCTTCAGGGGCCCCTATGGGGCCCCAACGGGGGCCCTTAGGCCTCGGATTTGCAGTTCTTCCTGCCGCAGCTGCAGCGCTTGCAGCAGCCCT,GCCAACGGGAGCCCC
HG675277,1601,1901,1751,CTCATTTCTGCAGCTGCAGCAGATGCAGCGCACCAAATACGAGTGCTGCTGCTTCTGCTGCTGCTGCTGCTGTGCTGTTGCTGCGAACTTTGGCTGCCGATCCTGTAGCTGCTGCTGGCACAGCAGCATGATTTAGCTCCAAAATTAACAGCAGCAGCTGTTGCTGCAGCAGCAGCAGCAGCTGCTGCTGCAGCAACAGCTGCAACTGCAACAGCAGCAAGACTGTGCTGTTGCTGTTGCTGTCCCAACTGTAAAGGGCGCAGCGAAGAGTTGCTGCCTGAACCATTTAACAAGCAGCAG,AGCCGCAGCTGCTGC
HG673821,405238,405538,405388,TGTGGGGTCATCCAGAGCCTGGGCTTCGAGGCTGAAATCCTTCAAATATTTGCGCCAAGCGACCCATCCAGCGATGACAGCAGAACAACAGCGGACTGGACAGATCCGTCAATTGGGGTCCAGAAAAGTGAGCTGGGAGGCCCCCTGCCTCCACAGCAAGCTATTTCAGCAGACCCTGAGGATAGGCAGACTGCTGCGTTACCACTGGCGTTCCAAAAGACAACGGCTGGCAACTATGACTATTCGGATCTTGTAAACAAGTCCAAGGCAACCATTCGCCTCGCTATACATGAAAGTGAA,TCCACAGCAAGCTATTTCAGCAGACCCTGAGGATAGGCAGACTGCTGCGTTACCAC
HG674467,341,641,491,CCCCCAAAAAGGCGCAAAAAATAAACTAATTAAATTTACACAAACCTTTTAATTCAATTTCATTTCATTTCAGAATTTAACTTGCACAAATTCTTTAATTCAATTTCATTTTATTTCATCCATCAAACAAGTCCTTTTAGCCATCTAAAAGGACCCAAAGAGGCCTCAGGGGGCCCCCCGGGGCCCCTGGGGGCCCTCAATAATCCTCGGGGGCCCCGCGGGATCTCCCTGGGGCCTCCCGGAGCCTCTATGGGGTCCCCGGGGAGCCTGGGGGCCCCCTGGGGCCCCTCGGGGCCCCTA,AGGACCCAAAGAGGCCTCAGGGGGCCCCCCGGGGCCCCTGGGG
HG673908,2627,2927,2777,CAGCCCGGCAGACCCGTAAACCCTAAACCCTAAACCCTAAACCCTAGACCCTCGGCCCTGGGAGAGGGGCCCGGGTCCGAGCCCTCAGCCGCGCAGCCGAGCCCCTGCTGCTGCTGCTGCTGCTTCTCGCTGCTGCTTCTCGCTGCTGCTGTTCCCTCCCGCTCCTGCTGCTGCTTCTCCCTGCTGCTGCTGCTGCTTCTCCCCCTGCTGCTGCTGCTGCTTCTCCCCCTGCTGCTGCTTCTCCCCCTGCTGCTGCTGCTCCCCCTGCTGCTGCTGCTCCCCCTGCTGCTGCTGCTCCCC,TTCTCGCTGCTGG
HG673800,14576,14876,14726,GCTGCTGCTGCTGCTGCTGCAGGCCTTATTTTATTTTTTGTCAGCAATGGATGCCTTACCCACAGAAAGAGATATTTACCTGGCCATAGGGCGGCTTTTCCATGACTGCGGTGTACGTACACCTCAACACTCTTCGTAGGGTTTAGGGTTTGGGGTGTACGTACACCCCAAACCCTAAACCCTAGCGAAGAGTGCAGCAGCAAAATGCAGCGGGAGGGTCCAGCAGCGAAAAGCTTCCTACTTGAATTCCCAAGGGCTGTTGTGTATTTATTCTAAGGGACTTAGGGTTTAGGGTTTAGG,TTGGGGTGTACGTACACCCCAAACCCTAAACCCT
HG676485,10137,10437,10287,GCAGTATAAATAAATTATCAATATTTTCATAAATTCATTAATTAATTAATTAATTATTAATAAATAAATAAATAAATTATTTAATTAATTAACCAATTTGTAGTCATCCTGGACGCTTTCCTTCTTTTTATTTCACTTAAACATTAAAAGAAAAATTAAATTGTCCCCATTCTGTCTCCTTTTTGTTTCAAGAAATAAAAATAAAAGTTCATTGTTTTATATTTCAGCTTGGCAAAATAACCTAAAGTAAGTTGCTTAAATTGAATAAAATAAACTAAATTGAATTAAATTGAATTCAAT,GAAAAATTAATTTGTCTTATCTTATTTCTTTTCAGCTGTTTTTTTAAAAATTAA
HG674021,0,184,92,CCCCTCTGGGGGCCCCCAGGGGGGCCCCCCGGGGGGCCCCCCGGGGGCCTGCACGGGGGAGTGCGGGTGTTTGCTGCTGGGGCTTGAGGGGGTGGGCTGTCTTTGCTGCTTGGGGTCTTTGGGGGACCCCGGGGGCTCTTTGCTGCTGGCTCGGGGCAAAGGTGCTGCTGCTGCAGCGCAGCAG,GCGTGCCCCTTCGGCGC
HG676263,882,1182,1032,CTGCATCTAGCTATGGCTAGCTGCACCTAGCTATGGCTAGCTGCATCTAGCTATGGCTAGCTGCAGCTAGCTGTGGCTAGCTAGCTGCAGCTTGCTGTAGCTAGCTGTAGCTAGCTGTGGCTAGCTAGCTGCAGCTTGCTGTAGCTAGCTGCTGGTTAGGCAGCTAGGTAGCTAGCTGTAGCTAGCTGTAGCTAGCTGCAGCTAGCTGTAGCTAGCTGTAGCTAGCTGTTGCTTACTTGAAGGGCGTTGACGTGGACCTTTCCAAAGATGTCATCATGTTGGGCGTAGCGAATCCAAAGT,TGCAGCTAGCTGTGGC
HG675730,1625,1979,1802,CTCATTTCTCCGCTACTAGCAAGAATAGGCGCAAAACTATTTTGGCCTCTGCAGCGACACCGCGAGTAGCAAAATCAGCAGCAAGCAGCAGCAAAAGCACTAACGGCAAGCAGCAGCAAGCAGCAGCAAGCAGCAGCAAGCAGCAGCAAGCAGCAGCAAGCAGCAGCAAGCAGCAGCTATGAAATCAGATGCTAAAAGAGGAAACAGCAACTGAATCAGCAACAAGCAGCAGCAGCAGCAAGGAAGTCAGCAGCAGCAGCAGCAGCATCAGCAACTACGTCAGCAGCAAGCAGCGGCCGTAGCAGCAGCAGCGACGATGTAAGCAGAAAGCAGCAGCCACAGCAGCAGCAACAG,CTATGAAATCAGATGCTAAAAGAGGAAACAGCAACTG
HG677956,5078,5384,5231,TGAAGCAGCAACAGCACTTAAATCACTTGGTCCACGCAGCTTCTCAGCCGAATCGGCAGCAGCAGCAGCAGCAGCAAAAGCAGCAGCATCTCTACCAACAGCAGCACCAGCAGCAGCAGCAGCAGCACCTGCAGCAACAGCAGCAGCAGCAGCAGAAGTGCGACGAGTAGCAGCAGCAGCAGCAACAGCAGCAGCAGCAACAGCAGCAACAGCAGCAACAGCAGCAGCAGTGGCAGCAGCAGCAGCCACTGCTCCCTTCTCCTTCTCAGCAGGACGAGCTGCTTGCTGCATGCGACATTCTTTACG,CAGAAGTGCGACGAGTAG
HG675355,951,1251,1101,GCGCAGCCCGTGGAGAGCGGGAGGGCCACGTGGGCGTACTGGCGGTGATAAGCCTCTTCGGGAGTCATGAGGAGCCCCCCGGGGCGGGCTGGAAGGGGGGGAGGGGGCAGTACCTCCCCGGGCTCCCCTATGGGGGGCCCCCACTCCGGGGGCCCCGGGGGGCCAGCTTCCCCTGGCAGCGGCTCCTCTGCGCAACCCGGCCTCTGCGGGTCCTCATCCGCTGCTGCTCCTGTGTTTGCTGCTGCTGCTGCTGTGTCTGCTGCTGCTGCTGGGCGGGCCTGCGTCTCCGCGCCCTGCTGC,GGGCCCCGGGGGGCCAGCTTCCCCTGGC
HG674509,505,805,655,CCGCCCCTCCATTCCAGCTGCTTGAGGGGCCCCTACCCACTTGGGGGCCCTAGGGGCTCTCTGCACCCCCTGAGGCGAAACAAGGGCCCCCAGGGGCCCCCAGGGGGGCTCTCAAAGGGGCCCCCAGGGGGGCCCTCGAAGGGGCCCCCAGGAGGCAGGGGGGCCCCCAGGAAGCAACAAGGGGGCCCCTCAAAGGGACCCCGGAGGTGCCACAAGCCCCTGGGGCTTCTGGAGGCCCCCATAAGGACCCTTAGGGGCCCCTATAGGGTTTCCCAGGGGCCCCCACAACCCCACCCAGTA,AGGGGGGCCCCCCGG
HG675740,171074,171374,171224,TAGGCAGACACCTGCAGCAGCAGGTCTAGGCAGAGAGGTGCAGCAGCAGGTCTCCGCAGCGTGCTGCAGCAGCAGGTCTCAGCAGCGTGCTGCAGCAGCAGATCTCAGCAGCGTGCTGCAGCAGCAGGTGTCAGAAGCGAGCCGCAGCAGCGGGCGCGTGCTGCAGCAGCCGGCGTGGGAGGAGAGCAGCAGCAGCAGCAGCAGCAGCAGCAGCAGGGGAAAATGCCGCTTCACCGGCTGAGCAGCGGCTACAGCGGCTACTTGTCGGGGGCCTCGGAGGCCAGCGACCAGCCCCACGCC,GCAAATCTCAGCAGCAGATCTC
HG673781,55316,55616,55466,CCACTGCAGCGGAACCAGCTGCTGCAGAGGCTGCTGCGGCTGAGGCTGCTGAGCAGTAAGTGCAGCAGCAGCAGCAGAGGGCCCGAGGGCGCCTCTGTGCAACAGCAGCGCGGCCCTGGGCCATCGTTTTCTGCTGCTGCAGCAGCAGCAGCCGGTGCAGACGCTGCCGCCGCGGCAGCGGCAGTGTGATCGATTGTGTTATGCTGCTGCTGCTGCAGCAGCAGCGGCAGTGTGACCGATTGTGGTGTGCTGCAGCAGCAGCAGCGTGAGCAAGTGTGGAAACAGCCGCGTCGTTTGCTC,AAACGATGGCCCAGG
HG673805,10116,10416,10266,GAAGCAGCAGCAAGTGCATATGGGCGACCAGCAGCAGCAGATGATGCAGCTCTCTGCAGGCCACGTTAAGAAGCAGCAGGTGCCGCAGCAGCACATGCAGCAGGCTCAGCAGCAGCAGCAGCAGCAGCAGCAACCACAGCAGCAACAGCAGCAGCAAGTCCCAGCACAACCACCACAAATGGCTCAGCCGCTGCCAATGCAGCAGCGGCAGCTACAGCTGCAGCAGCAGCAGCTGGTGCAGCAGCAGCAACTGATGCAGCAGCAGCAACTGATGCAGCAGCAGCAACAGCCGGCCGTGGG,AGCACATATATCATGGAATGCA
HG675748,329911,330211,330061,TGATGCGGAGTTGGAGTGTACGTACACCCCGCGCGGACACCCGCTGCGCCGCTTTCCTCCGGTAGCTTTTTGCTTCCTGGCGGGCCCTGTCGCGGCTCGTCAGCAGCCGCGGCCTCCTGCTGCTGCTGCTGCTGCTGCTGCTGCTGCTGCGGGGGGGGTAGCCGCGGGCGAAGACGTGGGGCCCCACAGCCCCCGGGGGCTGCAGCAGACACACGAGAGTGCGGCCGAAGAGGCGGTAGCCGTGCATTGCTGCTGCTGCAGCAGCAGCAACTTCGCGCAGCGCGAACAGCAGGAAGGCGT,CTGCTGTTGCTGGGGGGGGG
HG675758,459102,459402,459252,GACGGCGAACCTTGAAAATCAGCCCATAGGTCTAGTTGCATTCTTAATTTCCACTATTCATGTGACCTTTAGGCATAAAATGCGCTCATAATTCAAGTAAACATGGTCCACACTCTTACGGCAGTTGTAGTGCTTTTCAAACATTAGCGCTGCTAGCGAAGTAATGGCATTTATTAGCAAACTATCCTGTACAAGCTAGAAGTGTGCGTAAACACCTTAGGAATGGGTATGGCGACAAAGCAGCAACTGCTGCGGCTGACCGCCCCACCCTGCTAAGGAAGCAATGAGTCTACGACTTTG,CTGCTAATCTTGGTACCCCGAACGTCAATGCTA
HG675246,695,995,845,GCTGCAGCAACGAAGGCGTTTCGGGTGCAGGTGAGCAGCAAATTAAAGTCCAAAATTAAAAAAAAGTTTTGATTTTAAAACTGAAAAGACATTTTTAATTTTAAAATTCAAGAGATATATTTAATTAAAAGAAATAACTAAAAAGGTATCTGAAAAGATATTTTTAATTTTGAAATTCAAAAGATATTCTTAATTCTTAAATTCAAAAGATATATTTAATTTAAAAGAAGTGATTGGGATATATTTAATTAGGAGGAATAATTAAGATATATTTAGTTTAAAAGAAATAATTCAGATATA,CTTTAATTTTAAAATTGAAAAGATATTT
HG673774,44145,44445,44295,AAAGAAAAAGAAAGAAAAAGAAAGAAAAAGAAAGAAAAAGAAAACGCGATAAAAGGGATAAAAGGATTCACGATCCTTTTAGATCTCGCTGGCCACTACTGCAGCTGCTGCAGCTGCTGCTGCAGCTGCTGCAGCTGCAGGAGCTACCCTTGCTGCCGCTGCTACAGCAGCAGCAGCTGCTGCTGCTGCTACTTCTGCAGCAGCAGCAGCTGCTGCTGCTGCTACTGCTGCAACAGCTGCTGCTGCTGCTATTGCTGCAACAGCTGCTGCTGCTGCTGCTGCTGCTGTTTCAAGTTTGCT,TTGCTGCCGCTGCTACAGCAGCAGCAGCTGCTGC
HG674448,367464,367764,367614,GCTGCTGCTGCTGCAGCAGCTCGAGGCAGCAACACGACCTGATGGCTGCTGCAGCGGCAGCAACGCGTAGCAGCAGCAGCAACTCGGGGCAGCAGTGGCAGCAACTCGGAGCAGCAGCAGCCGCAGCAGCGCTTGGCCTCGCTATGCATCCTTACTGTATGAAGCCTCTACACGTGCATGCAATGTATAGATACATATATAAATATGTTTATATATATGTTTATATATATATGTCTATATATATATATATTTATTCATATATACCTATGTTTATACACTTATATTTTCATATATCTACTA,CCGCGTTAGCTACTTTATCTTC
HG673792,168691,168991,168841,GATTAAATATTGACAACTTCGAGTAATTCTCATAATTTCCAGAGGTCCTTCACCTTAACGTGGCGTGCAGCCAGTACGTGAAGCGTGGAGTTCTATTTATGCGGTGCATGCTGCAGAAGTGTGCAGGCTTTGCATGAGCGTTTTGTCAACTGCAACGGGTTCGGTGCGCGCAATGATGCAGCAAACGACATCTCTTCAGCTTCTCACGAATTCTAAATAAGATGTTTTTGGCTGGACTCGTGCGCAAAACAGCGTATGTGCCATGGCTAACTACCCGGCGAAGGTTGCCAACAAGAGGTG,CTGATTGATTCGAAGACATG
HG676346,1197,1497,1347,ATTAAATTAAATTAAATTAACTTGCCTTCCAAGTAGGGTTGCGAGCCAAAAGCCACAAAAGCCTCATAAGGAGATAATAAGGGTTTGCTAAACCCCAAACCCCAATCTAGCGATAAGCGAGGACACCCCACCTGCACAAACCCTAAACCCTAAACCCTAAACCCTAAACCCTAAACCCCAATTTAGCGATAAGCGAGGACGCCCCACCTGCACAAACCCTAAATCTCAAACCCTAAACCCCAAATCCGAAACCCTAAACCCTAAACCCTAAACCCTAAACCCTAAACCCTCGCACCTGGA,CCAAACCCTAAACCCCAATCTGACACCCCACCTGCA
HG675352,3070,3370,3220,AGCAGCTGCAACAGAAGGAGCAGCAGCACCAACAGCAGCAGCACGACCAGAAGCAGCAGCACGAGCAGCAAACGCAGCAGCAGCAACAGCAGCAGCAGCAACACCACCAGCAACCGCAGCGAAAACAACAACAACAGCAACAAAAACAACAACAACAAAAGCAACAACAGCAGCAGCAGCTACAGCTACAGCAACAGCAGCAGCAACAGCAGCAGCAGCAGCAGCAGCAGCAGCAGACCAAAGAAAAGCAATGGGTGCAGCAATCTTGAGGATAACTTCGAGCAGCATATCAGAGCCGCT,CAAAAACAACCTAAA
HG674135,120237,120537,120387,GCCTTCCCATACGAGATCAAGCGGCACGAAGTCCTCGTTTGCGCACCTCCTTGGTTTCGTCAAAGCTTCGTCAAAGCACCAACCACAGTCTCACAAAATGTCTTGTCTTCAAGACTGCAACAAATCAGTTCTTTTTAGTTACTGCGCCACGAAGCCAGAGCAGCAACTCACAACGTGCGCAACAATATTCGAGACAAAGTAAGCACGATGGCGCTAACTACAAGACGAACTGCCGACCCCTCAGCTTACAGTGGACTATTCCGAGTAACGGCTTTTGTATGCGCTAACCTTTCTGTTTTC,CAAAGCCCCTTATTT
HG675758,281140,281440,281290,CATTTTTGCTGGAGCTCTTCCTCACTAGCCGCTCGAAGTAGGCTCCAGATCAGAAACGAGCTTCCAAACAATTCAGAACTTCTTCAAACGCAATTTTTGAAGATCTTCTCCTTTTTCCTTGTTGAGCTCAATTCCGAATGACCAAAGCGAGGACAAGAAGAACGGTGGCGGCGCTGGGAACCGAAATGAACGCTGCGCCTGTTTCTAATCCCCAGAGGGCATTGTAAAGCTCGGTTCTGCAAGCGAAAGTAGTAAGTGTAATTATTTTAATCGCAGTTTTCAATTACCATTCTCTACCTT,AGGACAAGAAGAACGGTGGCGGCGCTGGGAACCGAAATGAACGCTGCGCCTGTTTCTAATCCC
HG674238,8202,8502,8352,GATCGATTTCGACTTCTTTGATTCATTTATCGAGTTAAAATGAAATTAATTTCAATTTATTTGACTCATTTATCAAATTAAAATTCAATTTAAATGCAAATGGCGATTTCTCGCTTTCGGATAATCCCGCGACACTACTGAGGTGTACAGCCCCTGCGCGTCCCGCGGAAAACTAGGATCTGAATTCTTCATTTCTTTTAATTCTTTTCAACAAATTCAACTCTAATTAAAATCCAATTTCAAAAACAAACACATTTCGCATTAAATGAGGCAACAGGGGCCCCTCGATGCCTCTTGGGG,GACACCGCGCGGTGTCTGTAC
HG673834,25191,25491,25341,CAGCAACAGCAGCAGCAGCAGCAAGCTGCGGGCGTTTGTTGCTTGGTGCTGCCGAGAGGCGACTCTGTGCCGCAGCAGGCGACGAAGCTCCGCAGCAGCAGCAGCAGCAGCAGCAGCAGCTGCAGCAACGCGTGTTTTTGTGTCCCTACGGGCCCCCGGGGGGGCCCCCCGGGGGGCCCCCAGGGGGGCCCCCCGGGCTAAAGTGGAGAGATACCCGATTTCAAAAAGGGGGAAGAAGCAGCGAAGAAGACAGCGAGTTTGGAAAAGCAGTTTATTACCCTTATGGACAGAGTGTGGCTC,GCGGATTCGCTTTGGCCCCTCA
HG676511,6339,6639,6489,AAGGAGCGTCTAGACCGCTACTACTACTTGGCCAAGGAGCAGGGCTTCCGGGCCCGAAGTGCCTTCAAGCTTATTCAGCTCGCCCAGAAATATGACCTCTTCAGCAACTGCAGGTAGCTGCAGCAGCAGCAGCAGCAGCAGCAGCAGCAGCAACAGCGGGGGGTAGGAGGGGTGCGGGTACGAGGGGGTGGGGGGGTATGGGTCGCTGCAGCAGCCGCAGCAGCAGAAGCAGTAGTAGTAGTAGTAGCAGCAGCAGCAGCAGCAGGGGTATTGGTAGCAGCAGGATGAGCGAAAGGGACT,GCAGAAGAAGCATCA
HG674344,24019,24319,24169,GCTGCTCAGCAGCTGCAGCAGCTCCTCGCACGCAGCCCGCGCCGCCTCCAAAGACTGACACGCACCAGCAGCAGCAGCAGCGGCAGACTCAGAGCCCCACCGCCGCACTCACGTGCCCAGCAGCGGCAGCAGCAGCAGCAGCAGCAGATCCGCATCCCCAGCAGCACCAGATCCACATCCCCAGCAGCAGCAGATCCACATCCCCAGCAGCACCAGATTCGCATTCCCAGCAGCACCAGATTCACATCCCCAGCAGCAGCAGATTCACATTCCCAGCAGCAGCAGATTCACATCCCCGGC,CCACATCCCCAGCAGCACCAGATTC
HG675835,1535,1835,1685,TCACCCAGCCACCCAGCCAGACAGCCAGCTAGCTAGCTAGCTGGTAGCTATTCAGTTAGTTAGCTAGCTAGCTAGCTATTAACTTAGCTAGTTAGCTCGCTAGCTAGCTATTAAGTTAGCTAGTTAGCTAGTTAGCACGTTAGCTAGTTAGTTAGTTAGATAGCTAGCTGGCCAGCTAGTTAGTAAATTAGTCAGTTAGCTAGCTAGCTAACAAGCCAGCTAGCTAGCTAGCTAGCTAGCTAGTTAGTCAGCTAGCTAGCTAGCTGACTAACTAGCCACATGTGGGCCCACCGGAAGAAT,AGGTTAGCTAGTTCG
HG676610,730,1030,880,AAACCCTAACCCTAAACCCTAACTCTAAACCCTAACCCTAAACCCTAGTCCCTAAACCCTAAAAGGGCGTCAAGTCAAGTCGCAGGGTCTCTTCAGGTAGACGCAGCCCTGGCTTCCACGTTTAGGGTTTAGGGTTTAGCAGCCGGGCGTGAACTCCCCGCCGGCAAGGGTTTAGGGTCTAGGGTTTAGGGTTTAGGGTTTACGAGCGCGCCCATAGCTCCGCTGCGGCTTTAAATGCAGCTGGGGTTTTAAAAGCTGTTTGACATCCAGCAGCAAATGGAGGAGGGGGGAAAGGGGGGG,TGAACTCCCCGCCGG
HG675733,156224,156524,156374,CTGCTGCAGCTGCTGCAGCGTTTGCTGCTTCAGGGCCAGTTCGTAGTTAGAACTGATTCGGCCAAAAGGAACTCCTAGCAGCAAGCCCTCGTTGTCTTTGCTGCTTGGTGCTGCAGCAGCAGCAGCTAGCCCGCAGAAGCTGCTGCTGCGCCTCAGTGGTTCATTTTAAAAGGGGGGACCCGCAGGGTTTAGGGTTTAGGGTTTAGAGCTGCTGTTCATTTCAAAATCGAATATAGCAGCAGCAGCTCTGAAACGCCTTTTTAGGGTTTGAAATGAATGTATTTTGCTTGCTGCTGCATG,GCCTCAGTGGTTCATTTTAAAAGGGGGGACCC
HG673828,20510,20810,20660,CCAACTGGTGCTGCTGCTGCTGCTGCTGCTCTTCCTGCTGCTGCTGCTAATAATATTGCTACTGTTGTTGTTGCTGCTGCTGCTGCTATTGCTGTTGCTGCTGCTGCTGCTATTGCTGCTGCTGCTGCTGCTATTGCTGCTGCTGCTGCTCCACCTCTCGCAGCGGCACGAGCACCAGCAGCACCAGCAGCAACTGCTGCTGCTGCTGCTGCTGCTGCTGCTGCTGCTGCTGCTGGTTTACTTTAAGAGTGGGAGTTCCTTCGGAATGGACAAATCCAAATTTGTTTAAAACTCTTTGGC,TGCTGCTGCCGCACAACAACTAGG
HG676493,2284,2584,2434,GCAGCGCCAACGCTGCTGCACCAATAACATCAGCGCCGACGCTGCACCGACAACTGCAGCGCCAATGCTGCACCAACTACAACGGAAACGATGCACCAGCTACAACGGCAACGCTGCAGCAACAGCAGCGATGCAGCAACAGCAACGCTGCAGCAACAACGGCAACGGAGACGCTGCAGCGACAACAGCAACAGCAACGCTGCAGCAACAACAGCAATAGCAACGCTGCAGCAACAACAGCAACAGCAACGCTGCAGCAACAACAGGCAACGCTGCGGAAACAACAGCAACGGCAACGCT,GCAGCAACAACGGCAACGGAGACGCTGCAGCGACAACAGCAACA
HG673746,996491,996791,996641,TCGCTGCAGCAGCGCCTGCAGTTCCGCAGCCGCAGCCGCTGCAGGAGTTTCCAGTGGTTTCTCGAGAACGTCTTCCCCGAGTCCGACGTCGTCCACCTCTCCGACGTCCCCTTCCTCGGTCTGCTGCCGACTGCTGCGGCTGCGGCTGCGGCTGCGGGGAGCCCCGAGTGCTCCTGCTCCTGCTGCGGCTGCGGGGAGCCCCGAGTGCTCCTGCTGCTGCTGCTGCTGCGGCTGCGGGGAGCCCCGAGTGCTCCTGCTCCTGCTGCGGCTGCGGGGAGCCCCGAGTGCTCCTGCTCCTGC,GGCTGCGGGGAGCCCCGAGTGCTCCTGCTCCTGCTGCGG
HG673746,630101,630401,630251,ACCAGAAAGACGGCGAGCGCCAGCAGCGTCCACAGCACCTTCTCGCGGAAGAGCACCCGCCGCTCGGGCGCGTGCACCTCGGGCAGCACGCACATCGCGGGCTTCACCAGCGACAGGAAGCGGACTGCAGCAGCAGCAGCAGCAGCAGCAGGGGGGGGGTGCTTGCAGCAGCAGGGGGGGGAGGGGTGCTTGCACTAGCAGGGGCGGGGGGGGAGGGTGCTTGCGGCCGCGGCACCAGCGCGTGCAGCGGCGCTGGGAGCGTTTCTGGAGCCGCTTGCAGGGGAGTGCTTTGTCCACTGC,AGCAGCAGCAGGGGGGGGGG
HG674485,702,1002,852,CATGCACTGTTTTATTTGAGTGCGGAGTCTGGACAGCCCCAAAAGGAGACAAACGCACTAGGGGCACTCGGGCCCCAACTCACAGAGGTATACTTCGCTGCATGCATGCATGCATGCATGCATGCATGCATGCATGCATGCCTGCATGCATGCATGCATGCGCATGCATGCATGCAGGCATGTCCTTGCATGCATGCCTCCGCATGCGTGCCCCCGCTTGCATGTCCTTGCACACATGCCTTTGCACGCGTATCCCTGCATGCACGTGGCTGCATGCAAATCTTTGCGTGCATGCATGCA,ATGCGTGAGCTTGC
HG677376,1447,1747,1597,CTTGGGGGCCCCCAAGGGGCCCCTTGGGGGCTCCAGGGGCCCCCAAAGAGGGCCCTCTAGACCCTCTGCCTTGGGGCCCCTTTAGACGGGGCTCTAGACCCTGCGAGGGGCCCCCATAAAGGGGCCCCCGGGGCCTTGGGGGACCCTAAAGGGAGCTCCTAGGGGCCCCTTTTGGGGGCCCTAGGGGCCCCTTTTGGGGGCCCTAGGGGCCCCCAATAAGGGTCCCTGGGGGCCCTAAGGGACCCCCAAGGGGGGGCTTAGGGGCCCTTAAAAGGGGTGCCTGGGGGCCCCCAAAAGGGG,AGGGAGCTCCTAGGGGCCCCTTTTGGGGG
HG675688,505712,506012,505862,CTGTGTCTAGCTAGCTGCGCGTGGTAGCTGGCTGCAGCTAGCTGGCCACGGCCAGCTAGCTGCAGCCAGCGAGCTGCAGGCAGCTAGCTGCAGACCGCCAGCTGCAGCCAGCTAGCCGCGGCCAGATAGCTGCGGCCAGCTACCTGCGGCTGGCTAGCCAGATACAGCTAGCTGTAGCTGGCTAGCCACAGACGGCTAGCTGCTGCTGGCTAGCTAGCTAGCCAGGCGGTATGCAGCAGTTAAGGAACTGCTGCAGCAAAGAGGCAGCCAAAGGCCTGGAACGGTACTTTTTGAACTTGC,CTGGCTAGCCAGATA
HG675415,318725,319025,318875,TTTATTAACAATTAATAGCCACTAAATAATACATCATTTAGAAGATTTACTAATTATTAAGTAATACATTATTTAAAAATTTATTAATAAATAAAATCTTCTAAATGATACATTTTTTATATTTGTTAATAAGTAAAATTTTCAAAATAATATGTTATTCAAAAAAAGAGATGCCACAAAGCCAAGGGCCAGCAGCTACTTTGCTGCAGCAGCTACTTTGCTGCAGCAGCTACTTTGCTGCAGCAGCTACTTTGCTGCAGCAGCTACTTTGCTGCAGCAGCTACTTTGCTGCAGCAGCTA,ATATGTTATTCAAAAAAAGAGATGCCACAAAGCCAAGGGC
HG675557,1619,1919,1769,CAAGTCCATTATGTGGTTTCTGCAAATTGCGCAATTGTCCACCACAATGTCCCAGGCCCAGAGGGCCACAGCGCTCCACTTCTTCACTTCGAAGCGCCTCTCCGGCACGCTGCTGCTGCTGCTGCTGCTGCTGCTGCTGCTGCTGCTGCTGGCGGCGGCGCTGCTGTTGCTGGACCCCGAGAGGTCGGAGGGGCCAGCGGCCGCCTCAGGCGCTGCTGCAGCGCCGCTCGGCCCTGCTGACTCCACCTCCATCTGCTGCC,TGCTGCTGCTGCTGGCGGCGGCGGCG
HG675163,1022229,1022529,1022379,CTGCTGCTGCACAACCACCTCACCCTCGACCAGCAGGGGGGCCCCCCAGAGGGGCCCCCGCAGCAGCAGGGACCCCCACAGCAGCAGGGGCCCCTGCAGCAGCAGGGGCCCCTGCAGCAGCAGGGGCCCCCGCTGCAGCAGGGGGCCCCGCTGCAGCAGGGGCCCCTCTCTCCGATGAGTCCTGCTCAGCTTCAGGCACATAGCCACCCGCTGCAGCAGCAGCAGCAGCAGCATTACCAACAGCAGGAGGAGCAGCGGCAGCAGCAGCAGCTGCTACAGCAGCAGCAGCAGCGCTACGAT,GCAGCAGCAGGGGCCCCATC
HG673844,1693,1993,1843,ATTTTGAGAAGTAGAGTTTCGCCACTTTCGAACTTTTCCCAAGATGAATAGTGTGCTGCTCTAAGACAGAATGAGAGTGAAGCCTCAGAAAGTATTTTTATATCATTTTTATTTTCATTTTATTTTTGCAAAAAAATTGGATATTTTAACTTGAATTATTCTCATTTTCATTTCTCACGAATTGCAAAGCCAGTTTCACTGACGCCGCCGCTGCAATGAGTTCTCAAGATTGCAGATTTTGAAAAGTTGAAATAAAACAAACGAAATAAAAAGGTTCTTGAAGACAATGCAAACGAAATA,CTTGAATTATTCTCATTTTCATTTCTCACGAATTG
HG675748,38921,39221,39071,AAGTCCACGTTAACAAATGATGCTTCCGCTGGAATGTGACGGTGTACCTCCAGCATAGCATCCTGCGAACTTGGAAATGCCATGGGAAAATCTCCTATGTCTTTCTCACCCTTCTGAAGGAGCGTGATGCGCCAGTAGCGACAGAATTCTGTTGGTTGGCACACCTCTTAGATACAGCGTTGTCTATTAATCGGAAGTGCCAGCCCGCTATGACCAGTGCAGGTCTCAGTGTAGCCTCAAAGCATGCCCGGCAGGAGCCGACAGGGCCAGACAGGAACACTCATTTGGGGAAGCCACAAG,TCGACGAACGCAACCATTCACAAACTCCAC
HG675731,2675,2975,2825,AGCTGCCGATACCGCTCAAGCTGCTGCTGCTGCTGTTGCTGCTGCTGCTGCACAGGGGGCCCCTGGCTCCCACTGAGGGCCCCCCCATTCCCCAAAAGCATAGCCATTACCTTAAAGAAAAAGGGTACACTGGAAGGTGTGCAACATGGCCAGCAGCAGCAGCAGCAGCAGCTGCTGCTGCTGCTGCTGCTGCTGCTGGTCTGGAGAGTGCTGCAGCAGCACAGCGGCCTCTTTATCGTAGCAGCAGCACAGAAGCTCCAGCAACAAAATTAATAAAGGAAAATTAAGTAACATTATGGG,CCAGCAGCAGCAGCAGCAGCAGCTGCTGCTGCTGCTGCTGCTGCTGCTGGTCTGGAGAGTGCTGCAGCAGCA
HG674466,1924,2224,2074,CGCTGCAGCACCACGAGCGCCACGGCGAGGTCTGCCCCGCGAACTGGCAGAAGGGGCAGAGGGCCATGAGCCCCTCCCCCGCCGGCGTCGCCGAGTACCTCGCCAGCCTCTACTGACTGCTCCTGCGCTGCTGCGCTGCTGCGCTGCTGCCGCTGCTGCTGCGCCGCAGCAGCTGCTGCGGCGCTGCTGCCGCGGCGGTGCGGCGGACCAGCGCCTTTTCCGGCTCCAACGCCACACGCGCGCCCGCGCCCACCCTCCTTCTTAAGCGCTTGCCGCCGCCGCCACAGCTGGCTACGCCTG,CCGCTGCTGCTGCGCCGCAGCAGCT
HG675915,1298,1598,1448,TTTTGTTGCTTTCAATTTCTTTTTCATTAATTTAGTTAATTTGATTAATTTAATTAATTTAATTAATTTAATTAATTCAACTAATTCAACTAATTTGAGTAATTTAACTAATTTAATCAATTAATTTAATCAATTCAATTAATTTAGCTATTTTACCTTTCCCTTCTATCCCGCACTTCGCCGTTGCTGCTGCTGCTGCTGCTGCAGCGGCTGCAGCAGCTGCTGCTGCCGCGGGGGGCCCCCGGGGGGGGCCCCGGGGAGTGGGCCCTTATAACTGGGGCCTCAGATGGAATTGGAAAA,ATTTTGGTTAGGGATCCCTTTT
HG673747,165416,165716,165566,GCCTTCTGCTGCATGCAATAGAACGGGGAAGGTATGTGAGCTGCGACAACGCTTAGGAGCACCAAAAGCAGATCCAGCGCAGTAGAAGTTAGGGCATAGCAGCAGCAGCAGCAGAAGGGCTAGAGATGGCGGAAGTGGCATTGCTTTTTGTGCTTATGTTGTCTATCTTTTTTTGCTTTTGTCTATTTAGCTGCGGGTTTTCTCCTGCCTCTGCCACACATCAGAAGGGGCAGCTGCCCGTGCTGCCCCCAGCGCACTTGCTTGAAACCCTAAACCCTAGCGTAAACCCTAGCGAATGCT,GTGCTTATGTTGTCTATCTTTTTTTGCTTTTGTCTATTT
HG673767,15718,16018,15868,ACCCAAACCCCCCGGGGGCCCCCCAAACCCCCAGGGGGCCCCTTAAACCCTCAGAGGGCCCCCCGGGAACCCCAGGGGGCCCTCAAGCCCCCTGGGAGACCCTGAGAGGCCCCCCGGGGGCCCCTGGAGCCCCCTGGGGCCCCCTGGGGCCTCTGAAGTCCCCGGGGGCCCCCCTTTGAAGAATCGGGAGTAAGAAAGGGTACGAAAGCGGGGGCCCCCTACCCTGGCAATCTGCATGGGGTGCAGCTCGAGCTCGACCTCGTGGGTCCACCGGCCCAGGGCCTCCCTGCGGGCCTCGGG,CCCCCAGGGGGC
HG675108,9545,9845,9695,AGACACCACAACCCCCGCAAGCTGGTCCTTTTTGTTTATTTTATTTCATTTAAATATCCAAAAGCAATTTAATTTATTTTTAATCCCCGAAAACAACAAATAAAAGCAGACACAGTCCAGAAATAGGCTGGAGAGGCCCCCAGGGGACCCCGGGGGGCCTCTGGGGGCCAGGGGCCCCCAGGGGCCCCCAGCCATAGGCTCGGGGGGCCCCCCTGATGTCTCCTGCAGCAGAAATGGAAATAATAAATTAATTGAATGAGTTGAATTGCTTGGGAGTCTTATATCACTTGGGATCTTTGT,CCGGGGGGCCTCTGGGGGCCAGGGGCCCCCAGGGGCCCCCAGCCATAGGCTCGGGGGGCC
HG677075,0,232,116,CAAACGCAGCAGCAGCAACAGCAGCAGCAGCAACACCACCAGCAACCGCAGCGAAAACAACAACAACAGCAACAAAAACAACAACAACAAAAGCAACAACAGCAGCAGCAGCTACAGCTACAGCAACAGCAGCAGCAACAGCAGCAGCAGCAGCAGCAGCAGCAGCAGACCAAAGAAAAGCAATGGGTGCAGCAATCTTGAGGATAACTTCGAGCAGCATATCAGAGCCGCT,CAAAAACAACCTAAA
HG674553,278305,278605,278455,TAGAGAAAGCCTGTCTGCAATGAGGAAAGCCGGTGGGGGCTGTACAGTATGTGAGTGTACAAGGACATTGCAGTTCGTATTTAATTGTCAAAACAGACTGTTGTTTATACTCCGCAAGGGTGTCCTTTATGCTTTGGTGTCTTACTGTTCGTTGTCGTTATGGTGTCACCAGCTGTTTCAGCCTCTTGCTTCATTTTTCACCAGTGCCGAAGAAACTTGCACATGTCTCATCACCGTCCTTTTATAGTTTTGCGTCTATGAATATCTCACTGCAGCTTCCGACTACAGAACAATTCCAGC,CGTTGTCGTTATGGTGTCACCAG
HG674634,65,365,215,CTGCTGCTGTAGGTGCGGGTGCTGGGGTGATGTAATGCTGCTGTAGGTGCTGATGCTGCTGCTGCTGTTCTGCTGCTGTAGATGCTGCTGCTGTTGTTCTGCTGCTGGAGGTGCTGCTGCAACTGCTGCTGTCCTGCTGCTGCTGCTAGTAGGGATGAGGGGTTCTCGTCGCAGCTGCTGCTGCAGCTTCGGCACTCTGCTGCTGCCATGGATGGTGAATCGTCTGCTGCTGCTGCTGCTGCTCAGGGACCCTGAGCAGCAACATGATGCTGCAGCTGCTGCTGCCGGCTGCCGAAGCGC,TTGGGAGGGGGCTTAGAGA
HG675163,1043769,1044069,1043919,GATTTTTGGTTTTAAATTAAATGCAATATTTAATTTTGAATTAAATATAACTTTTAATTTAATTTAAATTTATATTTGATTTTTAAAAGAACGAACAAAAGAATTGAGGATTTTGATGGAAATAAAAGCACTAAACCCTAAACCCTAAACCCTAAACTCTAAGCGCTAAACCCTAAACCACAAACCCTTAACCATAAACCCTAAACCTTCGATAAGAGTGGCTCTGGATCTAAGCGAAAAGGAACTGCCGAAGTCGAAAACTCTAAACCCTAAACCCTAAACCCTAGAGGCTGGGTGGTG,CCCTCTATCGTACACCCTAAACCCTAAATCCT
HG675270,1565,1865,1715,ACGTGGCTAGCCGAGTAGCAACTTGGCTAGCTGGCTGGTTAGTCGGCTAACTAGCTAGTTGTGTGCTAGCTGGGGACGGGCTGCAGCCAATGTTGAGCGACCAACACGACAGCAGCAGCAGCAGCAACAGCAGCAGCAGCAGCAGCAGCAAAGACAAATACGGGCACCGGGGATCGAACCCGGGATCTTCTGCGTGTTAGGCAGACGTCATAGCCACTAGACCATGCCCGCGACGGGGCTGGCGGTCTCTCCTGCGTCATTGCTGTGCTGCTGCTGCTGCTGCTGCTGGTACTGCCGTTG,AAAGGAAATAGGCAACCGCAAG
HG673746,1021776,1022076,1021926,TACGTCAGTGGGCTGCTTGCGCTCGGTTGCCCTGAGGCATCGGAGGCAACATCTGCCGCTGCTGCAACAGCAACGGGACACAGCGCACTGTGCGTGGGCACATGCAGCGGAGCAGCAGCAGCGCAAGCAGGCGCAGGGGCAGCTGCAGCAGCAACACCCGCAGCGTAGCTGCGGCTGTTGCTGCTGCAACAGTGACAGGCGAACCAGCAGCAAGAAAAGAAACAGCAGCGGCAAGAATGGCAGCAAAGCTTACAGGGCTCCCTTGGCTTCGATCCTTTCTTGTCCGTTGTAGGCTGCAGC,AGCAACACCCGCAGCGTAGCTGCGGCTGTTGCTGCTGCAACA
HG675668,15111,15411,15261,TTGAGGGCTTAGTTTTTAGTGCAGTTATGTGGGGATGCTTCTGCCGGCAACCTCTGTGCAACGCCTCCGACCGCCCTTCTAGGGTTTAGGGTTTAGGGTTTAGGGTTTGGGCGGATAGATACAACAGAAAAGGCTGAAGCAGCAGCTAAATCTCCAGGCAATTTTAAAAGGTTGAAAAATAAAAAATTCTCAAAGATTATGAAATGGATAAAGACATTTGCATGAGCGGCGCTTTATTTCCAGCGCGCACACAGTTTATTTCCTATTTCCTAAACCCTAAACCCTAAACCCTAAACCCTG,ATCTCCAGGCAATTTTAAAAGGTTGAAAAATAAAAAATTCTC
HG675342,140285,140585,140435,CAGCAGCAGCAGCACCAGGTGCTGCAGCAGCAGCAGCAGCAGCACCAGGTGCTGCAGCAGCTGCAGCAGAAGGGAGCAGCAGCGGATCGCCTGCAGCTGGATTTTGGGTGCGGAGGACTTTGAAGGCAGCAGCAGAAGAAATGACTCATTTAATCCCATAAAGAGAGATGCGGAGGTAAGAAAGTATATTGCTGCTGCTGTAACTGCTGCTGTTGCTGCTGCTGCTCCTGATGCTGCTGCTGCTGCTGCTGCTGCTTCTGCAGCTGCTGCTTCTGCAGCTGCTGCTTCTGCACCTGCTAC,TTGAATGCCTCAGTCAAATGCAAT
HG675668,171935,172235,172085,GCGGAATGCCCCTGTGGGTTTTCCTGGGCAGTTCTTACCTGAAGGTGGAGAAGAAGTGGAGGTTTGTGCTTGCAGGAGTGAGCAAACCCTAAACCCTAAACCCTAAACCCCAAACCCTAAGCGCTAAACTGTAAACCCTGGGGGGCGAGCGGGGAGGTTGCGGGATTGCGCGGGGAAGGGTGCACGGGACACTTGGGGATAAACCCTAAACCCTAAACCCTAAACCCTAAACCCTAGGGTGTGCGGGTTGGGGTTTGGGGGCGGGTGGGAGCTCGGGGGAGAGCCGCGAAGGAGTGGGGA,CGGGGCGGGGAGAGCGAGGGAGGGG
HG674763,211911,212211,212061,TGCGCCTGCTGCTGCACCTGCTCCATCTGCTGCTGCACCTCCTGCCGCACCTGCTGCTGCACCTGCTGCTGCACCTGCTGCTTCACCTGCTGCATCTGCTGCTGCACCTGCTGCACCTGCTGCATCTGCTGCTGCTGCTGCTGCTGCTGCGACAGCAGCGCGAAGAGCTGCTCTGCTGACTGATGACCCAAAAGAATTCCTTCTGCTGCAGTTAAGCAGCCGCTGCAGCTAAGGCAGTCGGAGAGAGATATTTTGCCCACGCGGGTGAGGCCCTCAGCAGCTTGCGGCGCCGCTGCTGCT,CGTCGGGCTGGGGTGTACGTACACCCCAGGGGGTCCTGCGAG
HG673830,26996,27296,27146,AGCAAATGAATACAACAGACACAAAAGGGTACCTTTAGACATCAGCAGCAAACAAGACCCTCCCCCTCTGCCCTTTGTGCCAGCAGTTGCTGCCGTGGGGGCCCCCCAGGGGGCCCCTCTGGGGGCCCCCCCGGGGGGCCCCCCGGGGGCGCCCCCAGGGGCCCCCCAGGGCGCACTGCCCTCAGGGAAGGGGGGCCCCCAGGGGGGGGCCCTCCTGTGTCTGGGGGCCCCCGAGAGTTTTTTTGCTGCGCTGCTGCGGGACCAGGAAGAAAGGGTTTACAGCAGCAGCAAAAAGATGCC,CGCCCCTGGGGGGCCCCCCGGGGGGCCCCTGCGAAGGGCCCC
HG675638,34863,35163,35013,TCCTGCAGCAGCTGCTGCTGCAGTAGCTGCTGCTGCTGCTGTTGCAGCTGCTGCTGGCCCTGCTCCTGCTGCATTATCTTATGCTGCTCTTGTATCAGCTGCTCTTGTTGCTGTTTTTCCTGTTGCTGCTGCTGCTGCCGCTGCTGCTGAGCGTGCTGCTGCTCCTGCTGCCGGGCCTCTTCATGCTCGTGCACCAAAGGGGTTCCCGCGACTTCTCCAGAAGCAAAAGCAGGCTGCAAATAAATATCTTGCTTCTGCTTCAGCTGCTGCTTGTGCTCCTCCTGCACGGGCTGCTGCTGT,AGCGTGCTGCTGCTCCTGCTGCCGGGCCTCT
HG673813,20961,21261,21111,AGCAGTACAGCAGCAGCAGCAGCAGCAGCAGCTAACAAAGCAATAGCCAATGCTGCACTTGCAGCAGCAGCAAAGATAATAGAGCTGCCGCCTCAGCAGCAGCCACAAGCACAGCAGCAGCTGTAGCGCTTGCTGTAGCTTCAGCAGCAGCTGCAGCAGCTGCTGCCGTTGCAGCCCCACCAGCTGCAGCGGCTTCAGCAGCAGCAGCGGCAAAAGGGGCAGCTGCAGCCACAGCACCAGCAGCAGTAAGGGCAGCAGCTGCAGCAACGGCAGCGGACGAAGGTGGAGGAGCAGCAAGAG,GCTGCAGCAGCTGCTGCCGTTGCAGCCCC
